Nome;Est;Defesa;EF;EH;Ataque;L;M;P;D100;D75;D50;D25;RF;RM;Moral;VB;Karma
Abelha Gigante Operária ;4;M2;10;24;Ferrão;5;7;2;16;13;10;7;5;4;4;35 voando.;
Abelha Gigante Rainha ;6;M1;17;42;Ferrão;6;8;3;21;17;13;9;8;6;/;30 voando.;
Abominação Menor ;10;P0;58;170;Mordida;11;10;9;19;15;11;7;13;11;/;6;
;;;;;Punhos;9;11;12;23;18;13;8;;;;;
Abominação Média ;15;P0;71;255;Mordida;16;15;14;23;18;13;8;18;16;/;6;
;;;;;Punhos;14;16;17;27;21;15;9;;;;;
Abominação Maior ;20;P0;82;340;Mordida;21;20;19;27;21;15;9;23;21;/;6;
;;;;;Punhos;19;21;22;31;24;17;10;;;;;
Aedra (2 cabeças) ;8;M2;98;168;Mordida;11;10;9;29;23;17;11;12;8;12;25 (andando), 30 (voando).;
;;;;;Hálito Elétrico;9;9;9;28;21;14;7;;;;;
;;;;;Hálito de Rajada de Ar;/;/;/;/;/;/;/;;;;;
;;;;;Cauda;10;11;8;25;20;15;10;;;;;
;;;;;Garras;13;10;7;25;20;15;10;;;;;
Aedra (3 cabeças) ;10;M3;121;220;Cauda;13;14;11;27;22;17;12;15;10;15;25 (andando), 30 (voando).;
;;;;;Hálito Elétrico;11;11;11;28;21;14;7;;;;;
;;;;;Hálito de Rajada de Ar;/;/;/;/;/;/;/;;;;;
;;;;;Mordida;14;13;12;31;25;19;13;;;;;
;;;;;Garras;16;13;10;27;22;17;12;;;;;
;;;;;Hálito Flamejante;11;11;11;28;21;14;7;;;;;
Águia Gigante Comum ;13;M2;65;260;Bicada;14;12;8;31;24;17;10;16;16;16;10 (andando) 85 (voando);40
;;;;;Garras;18;15;12;27;21;15;9;;;;;
Águia Gigante Nobre ;18;M4;82;378;Bicada;21;19;15;35;27;19;11;22;22;23;10 (andando) 85 (voando);40
;;;;;Garras;25;22;19;31;24;17;10;;;;;
;;;;;Relâmpago;23;23;23;44;34;24;14;;;;;
Águia ;3;L4;4;36;Bicada;8;6;2;4;3;2;1;3;3;4;60;
;;;;;Garras;10;7;4;8;6;4;2;;;;;
Animal Zumbi ;0;L0;0;0;(ver texto);/;/;/;/;/;/;/;0;0;0;Variável;
Aparição Menor (Recém-Nascido) ;10;L5;25;70;Toque;16;16;16;25;20;15;10;10;15;10;;
Aparição Média (50 a 150 anos) ;16;L6;25;112;Toque;22;22;22;30;24;18;12;16;22;16;22;
Aparição Maior (151 anos ou +) ;20;L7;25;140;Toque;28;28;28;35;28;21;14;20;27;20;22;
Aranha Gigante ;4;L2;16;56;Picada;7;5;1;24;19;14;9;4;4;3;13;
Árvore Maldita Menor ;12;P0;45;72;Garras;16;13;10;23;18;13;8;13;12;15;10;
;;;;;Mordida;11;10;9;27;21;15;9;;;;;
Árvore Maldita Maior ;15;P1;64;90;Garras;20;17;14;24;19;14;9;16;15;19;12;
;;;;;Mordida;15;14;13;28;22;16;10;;;;;
Arvores Animadas Menor ;2;P1;60;0;Punhos;1;3;4;20;16;12;8;7;3;2;10;
Arvores Animadas Pequena ;6;P2;84;0;Punhos;5;7;8;24;19;14;9;11;7;6;10;
Arvores Animadas Média ;10;P3;116;0;Punhos;9;11;12;28;22;16;10;15;11;10;10;
Arvores Animadas Grande ;16;P4;141;0;Punhos;15;17;18;32;25;18;11;21;17;16;10;
Assombração Menor (Até 30 Anos) ;10;L5;0;140;Toque Gélido;15;15;15;24;19;14;9;10;14;10;20 (voando);40
;;;;;Arma Espectral;15;15;15;28;22;16;10;;;;;
Assombração Média (31 à 60 anos) ;13;L6;0;182;Toque Gélido;19;19;19;29;23;17;11;13;18;23;30 (voando).;65
;;;;;Arma Espectral;19;19;19;33;26;19;12;;;;;
Assombração Maior (61 anos ou mais) ;17;L7;0;238;Toque Gélido;24;24;24;34;27;20;13;17;23;/;35 (voando).;102
;;;;;Arma Espectral;24;24;24;38;30;22;14;;;;;
Atormentado ;15;L5;0;210;Ataque Espectral;22;22;22;37;29;21;13;15;20;23;20;
Avestruz Domesticado ;2;L3;25;12;Coice;8;5;1;22;17;12;7;3;2;2;30;
;;;;;Bicada;5;3;-1;14;11;8;5;;;;;
Avestruz Selvagem ;3;L4;22;24;Coice;10;7;3;22;17;12;7;4;3;3;34;
;;;;;Bicada;7;5;1;14;11;8;5;;;;;
Avestruz Treinado (montaria ou carga) ;4;L4;23;36;Coice;11;8;4;22;17;12;7;6;4;5;36;
;;;;;Bicada;7;5;1;14;11;8;5;;;;;
Avestruz Treinado (montaria de guerra) ;5;L5;24(29);50;Bicada;11;9;5;20;16;12;8;8;5;8;36;
;;;;;Coice;13;10;6;24;19;14;9;;;;;
Baleia Predadora ;14;L3;254;182;Mordida;18;17;16;40;31;23;15;20;14;14;20 a 30 (nadando);
;;;;;Cauda;17;18;15;32;25;19;13;;;;;
Baleia Tagmariana ;16;L2;334;176;Cauda;16;17;14;32;25;19;13;22;16;16;20 a 30 (nadando);
;;;;;Cabeçada;18;15;11;36;28;21;14;;;;;
Basilisco Original ;20;P2;71;380;Bicada;23;21;17;28;22;16;10;22;20;20;10 (rastejando) 40 (voando);
;;;;;Cauda;22;23;20;20;16;12;8;;;;;
Basilisco Reptiliano ;15;P2;71;285;Espinhos;16;20;15;28;22;16;10;17;15;19;10 (em terra) 30 nadando;
;;;;;Mordida;18;17;16;24;19;14;9;;;;;
;;;;;Patada;20;17;13;28;22;16;10;;;;;
Besta das Dunas ;8;M1;57;120;Mordida;10;9;8;18;14;10;6;9;8;10;15 + especial;
Bestial Comum ;4;L2;17;24;Lança leve;9;5;4;18;14;10;6;5;4;6;23;
;;;;;Maça;5;7;6;22;17;12;7;;;;;
Bestial Líder ;7;M1;19;56;Lança leve;11;7;6;20;16;12;8;8;7;11;23;
;;;;;Maça de Armas;5;8;8;20;16;12;8;;;;;
Blatária ;1;L3;1;4;Mordida;6;5;4;4;3;2;1;0;1;2;4 andando e 18 voando;
;;;;;Ferrão;12;14;9;8;6;4;2;;;;;
Brutamontes ;25;P8;211(310);675;Punhos;30;32;33;50;40;30;20;32;29;50;45 Andando;
Búfalo Comum ;4;L1;64(69);36;Cabeçada;6;3;-1;20;16;12;8;8;4;8;25;
;;;;;Coice;6;3;-1;28;22;16;10;;;;;
;;;;;Chifres;5;3;-1;24;19;14;9;;;;;
Búfalo Lanoso ;5;L3;68(76);50;Cabeçada;8;5;1;21;17;13;9;10;5;9;25;
;;;;;Coice;8;5;1;29;23;17;11;;;;;
;;;;;Chifres;7;5;1;25;20;15;10;;;;;
Caçador dos Mangues ;9;P4;66;180;Cauda;10;11;8;22;17;12;7;12;9;11;16 andando/10 nadando;
;;;;;Garras;16;13;10;34;26;18;10;;;;;
;;;;;Mordida;13;12;11;30;23;16;9;;;;;
;;;;;Patada;14;11;7;26;20;14;8;;;;;
Camaleão Gigante ;8;M3;144;136;Língua;14;11;9;30;23;16;9;11;8;2;20;
;;;;;Mordida;12;11;10;38;29;20;11;;;;;
;;;;;Garras;12;9;6;26;20;14;8;;;;;
;;;;;Cauda;11;12;9;34;26;18;10;;;;;
Camelo Comum ;3;M1;46;21;Coice;6;3;-1;16;13;10;7;5;3;6;28;
;;;;;Mordida;5;4;3;10;7;7;5;;;;;
;;;;;Patada;7;4;0;16;13;10;7;;;;;
Camelo de Guerra Leve ;4;M2;50(56);36;Coice;7;4;0;21;17;13;9;6;4;8;28;
;;;;;Mordida;6;5;4;11;8;8;6;;;;;
;;;;;Patada;8;5;1;21;17;13;9;;;;;
Camelo de Guerra Pesado ;5;M3;55(61);50;Coice;8;5;1;25;20;15;10;8;5;10;28;
;;;;;Mordida;7;6;5;13;11;9;7;;;;;
;;;;;Patada;9;6;2;25;20;15;10;;;;;
Cão Comum ;1;L2;8;0;Mordida;4;3;2;9;7;5;3;1;1;1;20;
"Cão de raça ""Alão"" ";2;L2;10;14;Mordida;5;4;3;10;8;6;4;2;2;3;20;
Carniçal Maior ;8;M2;28;64;Garras;13;10;7;22;17;12;7;9;8;12;20;
;;;;;Mordida;9;8;7;14;11;8;5;;;;;
Carniçal Menor ;6;M1;21;48;Garras;10;7;4;12;9;6;3;7;6;6;18;
;;;;;Mordida;6;5;4;20;15;10;5;;;;;
Carranca Fantasma Menor (0 a 25 anos) ;2;L4;0;14;Toque Gélido;3;3;3;14;11;8;5;2;4;1;25;10
;;;;;Jato;7;7;7;8;6;4;2;;;;;
Carranca Fantasma Média (26 a 50 anos) ;5;L5;0;35;Toque Gélido;7;7;7;19;15;11;7;5;8;5;30;20
;;;;;Jato;11;11;11;12;9;6;3;;;;;
Carranca Fantasma Maior (Mais de 50 anos) ;8;L6;0;56;Jato;16;16;16;16;12;8;4;8;12;12;35;40
;;;;;Toque Gélido;12;12;12;24;19;14;9;;;;;
Cavaleiro Estígeo Comum ;12;P4;27(49);132;Espada;19;16;13;25;20;15;10;16;13;18;25;
;;;;;Maça de Armas;14;17;17;21;17;13;9;;;;;
;;;;;Montante;15;19;20;24;18;12;6;;;;;
;;;;;Toque;14;14;14;21;16;11;6;;;;;
Cavaleiro Estígeo Campeão ;14;P4;27(49);154;Espada;21;18;15;25;20;15;10;18;15;21;25;
;;;;;Maça de Armas;16;19;19;21;17;13;9;;;;;
;;;;;Montante;17;21;22;24;18;12;6;;;;;
;;;;;Toque;16;16;16;21;16;11;6;;;;;
Cavaleiro Estígeo Mestre de Armas ;17;P4;27(49);187;Espada;24;21;18;25;20;15;10;21;18;26;25;
;;;;;Maça de Armas;19;22;22;21;17;13;9;;;;;
;;;;;Montante;20;24;25;24;18;12;6;;;;;
;;;;;Toque;19;19;19;21;16;11;6;;;;;
Cavaleiro Estígeo Lorde ;20;P4;27(49);220;Espada;27;24;21;25;20;15;10;24;21;30;25;
;;;;;Maça de Armas;22;25;25;21;17;13;9;;;;;
;;;;;Montante;23;27;28;24;18;12;6;;;;;
;;;;;Toque;22;22;22;21;16;11;6;;;;;
Cavalo Comum ;3;L1;49;24;Coice;8;5;1;25;20;15;10;6;3;2;33;
;;;;;Mordida;7;6;5;13;11;9;7;;;;;
;;;;;Patada;9;6;2;25;20;15;10;;;;;
Cavalo Selvagem ;3;L2;74;36;Coice;7;4;0;29;23;17;11;8;3;6;35;
;;;;;Mordida;6;5;4;17;14;11;8;;;;;
;;;;;Patada;8;5;1;29;23;17;11;;;;;
Cavalo de Guerra Leve ;5;M3;57(101);50;Coice;8;5;1;25;20;15;10;8;5;9;33;
;;;;;Mordida;7;6;5;13;11;9;7;;;;;
;;;;;Patada;9;6;2;25;20;15;10;;;;;
Cavalo de Guerra Pesado ;7;P3;64(128);70;Patada;11;8;4;29;23;17;11;10;7;/;33;
;;;;;Coice;10;7;3;29;23;17;11;;;;;
;;;;;Mordida;9;8;7;17;14;11;8;;;;;
Centauro ;7;L1;52;63;Arco composto;12;7;5;16;12;8;4;9;7;11;30;
;;;;;Clava;8;8;5;15;12;9;6;;;;;
Centopéia Gigante Filhote ;5;M2;60;40;Mordida;8;7;6;22;17;12;7;6;4;8;20 (arrastando) 15 (cavando);
;;;;;Presa;10;8;4;14;11;8;5;;;;;
Centopéia Gigante Adulta ;9;M3;169;144;Mordida;13;12;11;28;22;16;10;11;9;14;30 (arrastando) 20 (cavando);
;;;;;Presa;13;11;7;24;19;14;9;;;;;
;;;;;Saliva;14;14;14;0;0;0;0;;;;;
Cérberus Filhote ;3;M4;26(29);60;Cauda;6;7;4;14;11;8;5;6;4;4;20;
;;;;;Patada;9;6;2;18;14;10;6;;;;;
;;;;;Mordida;7;6;5;18;14;10;6;;;;;
Cérberus Adulto ;7;M6;49(59);154;Cauda;15;16;13;16;13;10;7;12;9;11;30;
;;;;;Mordida;16;15;14;24;19;14;9;;;;;
;;;;;Patada;18;15;11;24;19;14;9;;;;;
Ciclope Comum ;12;M0;129(132);120;Porrete;13;12;9;36;29;22;15;15;12;24;30;
;;;;;Lança leve;13;9;8;36;29;22;15;;;;;
Ciclope Líder ;15;M1;145(151);165;Clava;17;17;14;37;30;23;16;19;15;30;30;
;;;;;Lança pesada;15;18;15;41;33;25;17;;;;;
Cobra Constritora ;3;L2;20;36;Bote;6;3;0;18;14;10;6;3;3;4;8;
Cobra Venenosa ;1;L1;2;12;Mordida;3;2;1;4;3;2;1;1;1;1;5;
Cocatriz ;10;L5;10;140;Bicada;16;14;10;4;3;2;1;10;15;10;25 (em terra) 40 (voando ou saltando);
Corcel de Fogo ;6;M2;53;54;Coice;10;7;3;29;23;17;11;8;8;11;40;
;;;;;Mordida;5;4;3;17;14;11;8;;;;;
Corcel Demoníaco ;6;M1;53;60;Coice;9;6;2;28;22;16;10;9;7;9;40 (em terra) 50 (voando);
Corcel Sombrio Comum ;4;L3;50(53);36;Coice;9;6;2;25;20;15;10;6;5;/;40 (noite), 20 (dia).;
;;;;;Mordida;4;3;2;13;11;9;7;;;;;
Corcel Sombrio Alfa ;6;L3;53(58);60;Coice;11;8;4;26;21;16;11;9;8;/;40 (noite), 20 (dia).;
;;;;;Mordida;6;5;4;14;12;10;8;;;;;
Coruja ;1;L3;3;4;Garras;7;4;1;2;1;0;0;0;1;1;voando 50 andando 5;
;;;;;Bicada;5;3;-1;2;1;0;0;;;;;
Corvo Sombrio ;3;L2;3;18;Bicada;6;4;0;3;2;1;0;4;5;5;32 (Voando);
;;;;;Garras;9;6;3;3;2;1;0;;;;;
Corvo ;1;L1;2;5;Bicada;3;1;-3;3;2;1;0;1;1;1;30;
;;;;;Garras;5;2;-1;3;2;1;0;;;;;
Criohidra (2 cabeças) ;10;M4;139;220;Hálito Congelante;12;12;12;29;22;15;8;15;11;15;25 (andando) 30 (nadando);
;;;;;Mordida;15;14;13;30;24;18;12;;;;;
Criohidra (3 cabeças) ;13;M4;167;286;Hálito Congelante;15;15;15;25;19;13;7;18;14;20;25 (andando) 30 (nadando);
;;;;;Mordida;18;17;16;34;27;20;13;;;;;
Crocodilo ;5;M2;64;40;Cauda;7;8;5;16;13;10;7;6;5;8;14 (andando) 25 (nadando);
;;;;;Mordida;8;7;6;24;19;14;9;;;;;
Cronoespectro ;12;L6;0;168;Toque Gélido;17;17;17;28;22;16;10;12;16;15;20 (em terra) 40 (voando);
Cronomante Menor ;1;L1;23;17;Toque;4;4;4;14;11;8;5;4;3;1;35;4
Cronomante Tipo I ;3;M2;27;51;Toque;8;8;8;24;19;14;9;6;7;4;45;16
Cronomante Tipo II ;7;M3;33;133;Toque;14;14;14;30;24;18;12;12;13;11;55;48
Cronomante Tipo III ;12;P4;36;228;Toque;21;21;21;40;32;24;16;17;20;21;65;104
Cronomante Tipo IV ;25;P5;41;525;Toque;35;35;35;49;39;29;19;32;34;50;75;234
Cronomante Tipo V ;30;P6;51;630;Toque;41;41;41;60;46;35;22;37;40;60;85;330
Demônio Menor ;1;L1;11;11;Mordida;3;2;1;13;10;7;4;2;2;1;10 (andando) 40 (voando);
Demônio Tipo I ;3;M0;23;33;Garras;6;3;0;19;15;11;7;4;4;4;20;
;;;;;Hálito Flamejante;5;5;5;17;13;9;5;;;;;
Demônio Tipo II (Guardião) ;7;M1;28;98;Chamas Infernais;11;11;11;23;18;13;8;11;10;11;20;
;;;;;Garras;11;8;5;25;19;13;7;;;;;
;;;;;Hálito Flamejante;11;11;11;31;24;17;10;;;;;
Demônio Tipo II ;7;M3;27;91;Chamas Infernais;11;11;11;23;18;13;8;10;10;11;18 (andando) 50 (voando);
;;;;;Toque;9;9;9;23;18;13;8;;;;;
Demônio Tipo III (Senhor do Caos) ;12;P3;71;288;Chamas Infernais;19;19;19;30;24;18;12;19;18;21;22 (andando) 40 (voando);
;;;;;Garras;18;15;12;32;24;16;8;;;;;
;;;;;Hálito Flamejante;19;19;19;34;27;20;13;;;;;
Demônio Tipo III ;12;P2;63;264;Chamas Infernais;19;19;19;30;24;18;12;17;18;21;40 (andando) 50 (voando);36
;;;;;Garras;17;14;11;32;24;16;8;;;;;
Demônio Tipo IV (Lorde do Caos) ;25;P3;84;600;Hálito Flamejante;31;31;31;33;26;19;12;32;30;50;45 (andando) 55 (voando);
;;;;;Chamas Infernais;31;31;31;29;23;17;11;;;;;
;;;;;Correntes;25;29;30;23;19;15;11;;;;;
;;;;;Garras;31;28;25;27;22;17;12;;;;;
Demônio Tipo V (Inquisidor da Dor) ;30;P3;230;720;Chamas Infernais;36;36;36;41;32;23;14;37;35;60;80 (voando);
;;;;;Garras;36;33;30;47;37;27;17;;;;;
;;;;;Tentáculos;31;35;33;51;40;29;18;;;;;
;;;;;Hálito Flamejante;36;36;36;45;35;25;15;;;;;
Dentes de Sabre ;9;L4;48;81;Garras;16;13;10;30;24;18;12;11;9;16;25;
;;;;;Mordida;20;19;18;34;27;20;13;;;;;
Desalmado Comum ;12;L4;26;132;Machado Crescente;15;18;12;19;15;11;7;16;15;3;25 andando;39
;;;;;Mordida;16;15;14;15;12;9;6;;;;;
Desalmado Original ;20;L7;29;420;Mordida;26;25;24;17;14;11;8;27;25;5;30 andando;105
Devorador Astral Filhote ;5;M5;63(69);110;Pinça;11;10;9;23;19;15;11;10;10;10;20;
;;;;;Mordida;10;9;8;27;22;17;12;;;;;
;;;;;Cauda;8;9;6;19;16;13;10;;;;;
Devorador Astral Jovem ;15;M5;105(117);330;Pinça;21;20;19;27;22;17;12;20;20;30;30;
;;;;;Mordida;20;19;18;31;25;19;13;;;;;
;;;;;Cauda;18;19;16;23;19;15;11;;;;;
Devorador Astral Adulta ;20;M6;123(141);440;Pinça;26;25;24;31;25;19;13;25;25;40;35;
;;;;;Mordida;25;24;23;35;28;21;14;;;;;
;;;;;Cauda;23;24;21;27;22;17;12;;;;;
Devorador Astral Madura ;25;M7;146(170);550;Pinça;31;30;29;35;28;21;14;30;30;50;40;
;;;;;Mordida;30;29;28;39;31;23;15;;;;;
;;;;;Cauda;28;29;26;31;25;19;13;;;;;
Devorador Astral Ancestral ;35;M8;172(202);770;Pinça;41;40;39;39;31;23;15;40;40;70;50;
;;;;;Mordida;40;39;38;43;34;25;16;;;;;
;;;;;Cauda;38;39;36;35;28;21;14;;;;;
Diabrete ;2;L2;7;16;Garras;7;4;1;16;12;8;4;3;3;1;12;
;;;;;Mordida;5;4;3;20;15;10;5;;;;;
Dradenar - Dragão da Floresta Jovem ;15;P5;158;360;Mordida;21;20;19;36;28;20;12;19;18;26;25 andando/30 saltando;
;;;;;Garras;23;20;17;28;22;16;10;;;;;
;;;;;Cauda;20;21;18;24;19;14;9;;;;;
;;;;;Hálito Ácido;19;19;19;27;21;15;9;;;;;
Dradenar - Dragão da Floresta Adulto ;20;P6;182;420;Mordida;27;26;25;41;32;23;14;24;24;35;25 andando/30 saltando;
;;;;;Garras;29;26;23;37;29;21;13;;;;;
;;;;;Hálito Ácido;25;25;25;36;28;20;12;;;;;
;;;;;Cauda;26;27;24;33;26;19;12;;;;;
Dragão de Areia ;21;P5;193;294;Cauda;25;26;23;32;26;20;14;25;26;37;25 andando/20 voando/ 35 cavando;
;;;;;Garras;28;25;22;44;35;26;17;;;;;
;;;;;Mordida;25;24;23;40;32;24;16;;;;;
;;;;;Hálito Elétrico;29;29;29;41;32;23;14;;;;;
Dragão de Cristal ;22;P6;188;462;Cauda;31;32;29;40;32;24;16;26;27;39;25 andando/50 voando;115
;;;;;Garras;32;29;26;44;35;26;17;;;;;
;;;;;Mordida;30;29;28;48;38;28;18;;;;;
;;;;;Hálito Sagrado;32;32;32;45;35;25;15;;;;;
Dragão do Fogo Jovem ;16;P2;187;352;Cauda;16;17;14;27;22;17;12;21;19;24;25 (andando) 50 (voando);
;;;;;Garras;21;18;15;31;25;19;13;;;;;
;;;;;Hálito Flamejante;20;20;20;27;21;15;9;;;;;
;;;;;Mordida;19;18;17;39;31;23;15;;;;;
Dragão do Fogo Adulto ;25;P5;209;550;Cauda;28;29;26;28;23;18;13;30;30;38;25 (andando) 50 (voando);
;;;;;Garras;33;30;27;40;32;24;16;;;;;
;;;;;Hálito Flamejante;31;31;31;33;26;19;12;;;;;
;;;;;Mordida;31;30;29;48;38;28;18;;;;;
Dragão do Gelo Jovem ;13;P3;145;260;Cauda;14;15;12;25;20;15;10;16;16;20;25 (andando) 50 (voando);
;;;;;Garras;19;16;13;29;23;17;11;;;;;
;;;;;Hálito Congelante;17;17;17;27;21;15;9;;;;;
;;;;;Mordida;17;16;15;37;29;21;13;;;;;
Dragão do Gelo Adulto ;19;P4;178;399;Cauda;21;22;19;30;24;18;12;23;23;29;25 (andando) 50 (voando);
;;;;;Garras;26;23;20;34;27;20;13;;;;;
;;;;;Hálito Congelante;24;24;24;30;22;17;10;;;;;
;;;;;Mordida;24;23;22;42;33;24;15;;;;;
Dragão Fantasma ;24;L6;0;336;Hálito Flamejante;30;30;30;33;26;19;12;24;29;6;50 voando;
;;;;;Hálito Etério;30;30;30;33;26;19;12;;;;;
Dragão Imperial do Fogo Jovem ;23;P5;209;575;Cauda;28;29;26;32;26;20;14;28;28;35;25 (andando) 60 (voando);125
;;;;;Garras;33;30;27;36;29;22;15;;;;;
;;;;;Hálito Flamejante;31;31;31;33;26;19;12;;;;;
;;;;;Mordida;31;30;29;44;35;26;17;;;;;
Dragão Imperial do Fogo Adulto ;27;P5;232;702;Cauda;32;33;30;41;33;25;17;33;33;41;25 (andando) 60 (voando);150
;;;;;Garras;38;35;32;45;36;27;18;;;;;
;;;;;Hálito Flamejante;37;37;37;42;33;24;15;;;;;
;;;;;Mordida;36;35;34;53;42;31;20;;;;;
Dragão Imperial do Fogo Maduro ;33;P5;272;858;Cauda;32;33;30;46;37;28;19;39;40;50;25 (andando) 60 (voando);210
;;;;;Garras;43;40;37;50;40;30;20;;;;;
;;;;;Hálito Flamejante;43;43;43;47;37;27;17;;;;;
;;;;;Mordida;41;40;39;58;46;34;22;;;;;
Dragão Imperial do Fogo Ancestral ;40;P5;364;1080;Cauda;32;33;30;50;40;30;20;47;47;60;25 (andando) 60 (voando);315
;;;;;Garras;53;50;47;54;43;32;21;;;;;
;;;;;Hálito Flamejante;53;53;53;51;40;29;18;;;;;
;;;;;Mordida;51;50;49;62;49;36;23;;;;;
Dragão Imperial Dourado Jovem ;25;P5;232;650;Cauda;32;33;30;40;32;24;16;31;31;38;25 (andando) 60 (voando);150
;;;;;Garras;38;35;32;44;35;26;17;;;;;
;;;;;Hálito Flamejante;37;37;37;42;33;24;15;;;;;
;;;;;Mordida;36;35;34;52;41;30;19;;;;;
Dragão Imperial Dourado Adulto ;30;P5;272;780;Cauda;37;38;35;45;36;27;18;36;37;45;25 (andando) 60 (voando);175
;;;;;Garras;43;40;37;49;39;29;19;;;;;
;;;;;Hálito Flamejante;43;43;43;47;37;27;17;;;;;
;;;;;Mordida;41;40;39;57;45;33;21;;;;;
Dragão Imperial Dourado Maduro ;35;P5;312;910;Cauda;42;43;40;50;40;30;20;41;43;53;25 (andando) 60 (voando);240
;;;;;Garras;48;45;42;54;43;32;21;;;;;
;;;;;Hálito Flamejante;49;49;49;52;41;30;19;;;;;
;;;;;Mordida;46;45;44;62;49;36;23;;;;;
Dragão Imperial Dourado Ancestral ;50;P5;414;1300;Cauda;56;57;54;54;43;32;21;56;58;75;25 (andando) 60 (voando);385
;;;;;Garras;63;60;57;58;46;34;22;;;;;
;;;;;Hálito Flamejante;64;64;64;56;44;32;20;;;;;
;;;;;Mordida;61;60;59;66;52;38;24;;;;;
Dragão Negro ;21;P5;171;441;Mordida;25;24;23;45;37;29;21;25;26;32;25 andando, 60 voando;110
;;;;;Garras;27;24;21;41;34;27;20;;;;;
;;;;;Cauda;24;25;22;33;28;23;18;;;;;
;;;;;Hálito Infernal;27;27;27;41;32;23;14;;;;;
Dragão Púrpura Jovem ;8;P4;97;104;Mordida;16;15;14;33;26;19;12;11;12;16;25 andando, 80 voando;
;;;;;Garras;18;15;12;29;23;17;11;;;;;
;;;;;Cauda;14;15;12;25;20;15;10;;;;;
;;;;;Hálito de Névoa;16;16;16;4;4;4;4;;;;;
;;;;;Hálito Flamejante;16;16;16;28;22;16;10;;;;;
Dragão Púrpura Adulto ;18;P6;174;270;Mordida;30;29;28;43;34;25;16;23;24;36;25 andando, 80 voando.;
;;;;;Garras;32;29;26;39;31;23;15;;;;;
;;;;;Cauda;26;27;24;35;28;21;14;;;;;
;;;;;Hálito de Névoa;30;30;30;6;6;6;6;;;;;
;;;;;Hálito Flamejante;30;30;30;42;33;24;15;;;;;
Dragonete ;10;M2;108;190;Cauda;12;13;10;19;15;11;7;12;11;15;20 (andando) 40 (voando);
;;;;;Garras;15;12;9;27;21;15;9;;;;;
;;;;;Mordida;13;12;11;31;24;17;10;;;;;
Dragoniano Comum ;3;M1;22(25);24;Mordida;5;4;3;17;13;9;5;4;4;/;18;
;;;;;Lança leve;7;3;2;13;10;7;4;;;;;
;;;;;Garras;7;4;1;13;10;7;4;;;;;
;;;;;Hálito Congelante;5;5;5;21;16;11;6;;;;;
Dragoniano Mago Menor ;3;M0;20;27;Mordida;4;3;2;16;12;8;4;5;6;3;18;10
;;;;;Garras;6;3;0;12;9;6;3;;;;;
;;;;;Punhal;6;1;0;8;6;4;2;;;;;
;;;;;Hálito Congelante;7;7;7;23;18;13;8;;;;;
Dragoniano Rastreador ;4;M3;24(36);36;Mordida;8;7;6;18;14;10;6;6;6;/;18;10
;;;;;Garras;10;7;4;14;11;8;5;;;;;
;;;;;Espada;10;7;4;18;14;10;6;;;;;
;;;;;Hálito Congelante;7;7;7;22;17;12;7;;;;;
Dragoniano Mago Maior ;5;M0;20;45;Mordida;6;5;4;16;12;8;4;7;9;/;18;18
;;;;;Garras;8;5;2;12;9;6;3;;;;;
;;;;;Punhal;8;3;2;8;6;4;2;;;;;
;;;;;Hálito Congelante;10;10;10;24;19;14;9;;;;;
Dragoniano Líder ;8;P2;24(40);80;Mordida;11;10;9;19;15;11;7;11;10;12;18;
;;;;;Garras;13;10;7;15;12;9;6;;;;;
;;;;;Hálito Congelante;11;11;11;22;17;12;7;;;;;
;;;;;Montante;9;13;14;24;18;12;6;;;;;
Draquae Jovem ;15;M4;158;315;Cauda;15;16;13;30;24;18;12;19;17;19;20 andando/70 nadando/ 30 Planando;
;;;;;Garras;18;15;12;34;27;20;13;;;;;
;;;;;Mordida;16;15;14;34;27;20;13;;;;;
;;;;;Hálito de Ar Espiral;18;18;18;30;23;16;9;;;;;
;;;;;Hálito de Água;36;36;36;26;20;14;8;;;;;
Draquae Adulto ;23;L7;193;483;Cauda;35;36;33;37;30;23;16;27;25;40;20 andando/70 nadando/ 30 Plana;
;;;;;Garras;38;35;32;41;33;25;17;;;;;
;;;;;Hálito de Água;36;36;36;34;26;18;10;;;;;
;;;;;Hálito de Ar Espiral;36;36;36;38;29;20;11;;;;;
;;;;;Mordida;36;35;34;45;36;27;18;;;;;
Dríade Jovem ;5;M0;14;40;Garras;8;5;2;11;8;5;2;6;7;5;16;
Dríade Comum ;12;M3;18;96;Garras;18;15;12;18;14;10;6;13;15;12;20;36
Dríade Anciã ;20;M2;20;180;Garras;25;22;19;22;17;12;7;22;24;25;20;80
Duende ;1;L3;6;7;Lança leve;7;3;2;11;8;5;2;1;3;1;7;
Duhidra ;18;P4;187;342;Hálito Flamejante;21;21;21;34;26;18;10;23;20;27;25;
;;;;;Hálito Congelante;21;21;21;34;26;18;10;;;;;
;;;;;Mordida;23;22;21;40;32;24;16;;;;;
Eetam - anarom (Golem de Pedra Guardião) ;14;P3;155(165);252;Punhos;14;16;17;40;32;24;16;22;18;/;25;
;;;;;Agarrar;13;10;6;28;23;18;13;;;;;
;;;;;Chamas Infernais;19;19;19;32;25;18;11;;;;;
Eetam - basam (Golem de Ferro Guardião) ;20;P5;171(191);360;Chamas Infernais;25;25;25;36;28;20;12;28;24;/;25;
;;;;;Garras;24;21;18;44;35;26;17;;;;;
;;;;;Montante;22;26;27;32;24;16;8;;;;;
;;;;;Martelo de Guerra;17;18;16;40;32;24;16;;;;;
Elefante Comum ;7;M0;145;77;Patada;10;7;3;38;30;22;14;11;7;11;18;
;;;;;Presa;8;6;2;34;27;20;13;;;;;
;;;;;Tromba;7;8;5;22;18;14;10;;;;;
Elefante de Guerra ;9;P1;146;108;Patada;13;10;6;37;29;21;13;14;9;14;18;
;;;;;Presa;11;9;5;33;26;19;12;;;;;
;;;;;Tromba;10;11;8;21;17;13;9;;;;;
Elemental da Água Menor ;2;L3;22;14;Jato;6;6;6;0;0;0;0;2;2;3;5 (andando) 30 (na água);
;;;;;Punhos;4;6;7;12;9;6;3;;;;;
Elemental da Água Fraco ;6;L4;34;54;Jato;11;11;11;0;0;0;0;8;6;9;5 (andando) 30 (na água);
;;;;;Punhos;9;11;12;16;12;8;4;;;;;
Elemental da Água Médio ;10;L5;43;80;Jato;16;16;16;0;0;0;0;11;10;18;5 (andando) 30 (na água);
;;;;;Punhos;14;16;17;20;15;10;5;;;;;
Elemental da Água Forte ;16;L6;64;144;Jato;23;23;23;0;0;0;0;18;16;28;5 (andando) 30 (na água);
;;;;;Punhos;21;23;24;24;18;12;6;;;;;
Elemental da Terra Menor ;2;P1;38;22;Punhos;2;4;5;22;17;12;7;6;1;3;12;
Elemental da Terra Fraco ;6;P1;58;66;Punhos;6;8;9;27;21;15;9;10;5;9;12;
Elemental da Terra Médio ;10;P2;78;110;Punhos;11;13;14;36;28;20;12;14;9;18;12;
Elemental da Terra Forte ;16;P2;108;176;Punhos;17;19;20;45;35;25;15;20;15;28;12;
Elemental do Ar Menor ;2;L5;1;10;(ver texto);/;/;/;/;/;/;/;0;6;3;80;
Elemental do Ar Fraco ;6;L6;2;30;(ver texto);/;/;/;/;/;/;/;4;10;9;80;
Elemental do Ar Médio ;10;L7;4;50;(ver texto);/;/;/;/;/;/;/;8;14;18;80;
Elemental do Ar Forte ;16;L5;8;80;(ver texto);/;/;/;/;/;/;/;14;20;28;80;
Elemental do Fogo Menor ;2;L2;4;14;Toque;3;3;3;16;12;8;4;2;2;3;18;
Elemental do Fogo Fraco ;6;L3;8;42;Toque;7;7;7;20;15;10;5;6;6;9;18;
Elemental do Fogo Médio ;10;L4;13;80;Toque;11;11;11;24;18;12;6;11;10;18;18;
Elemental do Fogo Forte ;16;L5;18;144;Toque;17;17;17;28;21;14;7;18;16;28;18;
Enida ;15;P2;139;330;Punhos;16;18;19;28;23;18;13;20;17;19;20;
Enviado Menor - Mensageiro ;1;L3;21(37);8;Bastão de Luz;3;3;3;14;11;8;5;2;3;/;15 (andando) 30 (voando);6
;;;;;Arma Divina;3;3;3;14;11;8;5;;;;;
Enviado Tipo I - Soldado ;3;L4;22(43);21;Bastão de Luz;8;8;8;24;19;14;9;3;7;/;18;10
Enviado Tipo II - Guardião ;7;M5;31(57);70;Bastão de Luz;9;9;9;28;22;16;10;10;11;/;25 (andando) 50 (voando);21
Enviado Tipo III - Vanguarda ;12;P6;35(71);132;Bastão de Luz;18;18;18;33;26;19;12;16;17;/;30 (andando) 60 (voando);36
Enviado Tipo IV - Comandante ;25;P7;39(75);300;Bastão de Luz;32;32;32;30;24;18;12;30;31;/;35 (andando) 70 (voando);130
;;;;;Rajada Divina;31;31;31;38;29;21;13;;;;;
Enviado Tipo V - Elite Celestial ;30;P8;50(86);390;Bastão de Luz;38;38;38;35;28;21;14;36;37;/;40 (andando) 80 (voando);150
;;;;;Rajada Divina;37;37;37;42;33;24;15;;;;;
Escaravelho Rinoceronte Jovem ;3;M1;24;21;Mordida;5;4;3;15;12;9;6;3;3;4;12;
Escaravelho Rinoceronte Fêmea ;6;M2;46;54;Mordida;9;8;7;21;17;13;9;8;6;8;14;
;;;;;Chifres;9;7;3;29;23;17;11;;;;;
Escaravelho Rinoceronte Macho ;7;P3;43;63;Chifre;10;8;4;30;24;18;12;9;7;9;14;
;;;;;Mordida;10;9;8;22;18;14;10;;;;;
Escorpião Gigante Vermelho ;4;P2;24;64;Garras;9;6;3;21;16;11;6;6;4;4;;
;;;;;Picada;5;3;-1;17;13;9;5;;;;;
Escorpião Gigante Preto ;5;P2;28;80;Garras;10;7;4;25;19;13;7;7;5;5;;
;;;;;Picada;6;4;0;21;16;11;6;;;;;
Esfinge Comum ;11;P5;73(83);242;Garras;18;15;12;23;18;13;8;16;12;/;30;
;;;;;Mordida;16;15;14;27;21;15;9;;;;;
Esfinge Alada ;13;P5;75(95);286;Garras;21;18;15;23;18;13;8;18;15;/;30 andando, 60 voando.;
;;;;;Mordida;19;18;17;27;21;15;9;;;;;
Esfinge Gigante ;15;P3;181(211);330;Garras;16;13;10;33;26;19;12;20;17;/;40;
;;;;;Mordida;14;13;12;37;29;21;13;;;;;
Esfinge Gigante Alada ;17;P5;184(224);391;Garras;24;21;18;34;27;20;13;23;20;/;40 andando, 60 voando.;
;;;;;Mordida;22;21;20;38;30;22;14;;;;;
;;;;;Cabeçada;23;20;16;34;27;20;13;;;;;
Esfinge Real ;19;P5;184(234);437;Garras;27;24;21;34;27;20;13;25;22;/;42 andando, 65 voando.;
;;;;;Mordida;25;24;23;38;30;22;14;;;;;
;;;;;Cabeçada;26;23;19;34;27;20;13;;;;;
Espectro Maior ;12;L6;17;168;Toque;17;17;17;36;28;20;12;12;16;18;70 (voando);
Espectro Menor ;8;L5;2;112;Toque;13;13;13;28;22;16;10;8;12;12;30 (andando) ;
Esqueleto Gigante ;9;P0;37;27;Punhos;8;10;11;30;24;18;12;5;9;/;25;
;;;;;Clava;10;10;7;34;27;20;13;;;;;
Esqueleto Possuído ;4;L2;12;20;Garras;8;5;2;14;10;7;4;2;7;8;20;
;;;;;Mordida;6;5;4;12;7;6;3;;;;;
Esqueleto Humano ;1;L3;13;8;Combate Desarmado;7;3;0;6;5;4;3;2;5;2;25;
;;;;;Punhal;7;2;1;10;8;6;4;;;;;
;;;;;Arco composto;6;1;-1;16;12;8;4;;;;;
;;;;;Montante;1;5;6;24;18;12;6;;;;;
;;;;;Espada;7;4;1;18;14;10;6;;;;;
;;;;;Lança de Cavalaria;3;5;6;24;18;12;6;;;;;
Esqueleto Humano com Couraça ;1;P5;13(45);8;(ver texto);/;/;/;/;/;/;/;2;5;2;25;
Esqueleto Humano com Couraça e Escudo Grande ;1;P7;13(57);8;(ver texto);/;/;/;/;/;/;/;2;5;2;25;
Esqueleto Cavalo de Guerra ;5;L1;35;50;Mordida;7;6;5;13;11;9;7;8;9;/;35;
;;;;;Patada;9;6;2;25;20;15;10;;;;;
;;;;;Coice;8;5;1;25;20;15;10;;;;;
Esqueleto Cavalo de Guerra com Couraça ;5;P3;35(99);50;(ver texto);/;/;/;/;/;/;/;8;9;/;;
Estátua Animada ;5;P0;57;0;Arma de Pedra;6;6;6;22;17;12;7;6;6;/;17;
Fada ;3;L6;-1;30;(ver texto);/;/;/;/;/;/;/;0;7;1;20;
Falcão Celestial ;18;M3;76;432;Bicada;18;16;12;31;24;17;10;22;22;32;10 (andando) 80 (voando);62
;;;;;Garras;21;18;15;27;21;15;9;;;;;
;;;;;Rajada Divina;23;23;23;39;30;21;12;;;;;
Falcão Negro ;19;M4;80;494;Bicada;20;18;14;32;25;18;11;25;21;33;10 (andando) 85 (voando);63
;;;;;Garras;24;21;18;28;22;16;10;;;;;
;;;;;Rajada Divina;24;24;24;40;31;22;13;;;;;
Falcão ;1;L4;2;12;Bicada;6;4;0;3;2;1;0;1;1;1;80;
;;;;;Garras;8;5;2;3;2;1;0;;;;;
Fantasmas ;9;L3;0;126;Toque;13;13;13;27;21;15;9;9;12;11;16;
Fênix Negra ;8;L1;9;136;Bicada;10;8;4;12;9;6;3;8;11;/;78 (voando);
;;;;;Hálito Infernal;12;12;12;19;15;11;7;;;;;
Fênix ;11;L3;9;209;Bicada;15;13;9;13;10;7;4;13;16;11;80 (voando);60
Fera das Sombras ;10;M5;44;180;Garras;18;15;12;20;16;12;8;14;11;20;30;
;;;;;Mordida;16;15;14;24;19;14;9;;;;;
Fera dos Mangues ;9;P1;88;189;Mordida;9;8;7;42;32;22;12;13;9;14;15 (em terra) 7 (nadando);
;;;;;Tentáculos;8;12;10;18;14;10;6;;;;;
Fera Escarlate ;10;L7;106;130;Mordida;18;17;16;28;22;16;10;16;16;15;40;130
;;;;;Patada;18;15;11;16;13;10;7;;;;;
Feral ;6;L3;34;54;Garras;12;9;6;22;17;12;7;8;6;8;23;
;;;;;Mordida;10;9;8;22;17;12;7;;;;;
Feratus ;6;L2;16;48;Ruído;5;5;5;4;3;2;1;7;6;8;3 (terra) 35 (voando);
;;;;;Garras;9;6;3;8;6;4;2;;;;;
;;;;;Mordida;7;6;5;12;9;6;3;;;;;
Fogo-Fátuo ;1;L5;0;5;Toque;11;11;11;18;15;12;9;1;7;1;12 (voando).;
Gárgula ;5;P0;74;0;Cauda;3;4;1;17;14;11;8;6;4;8;10;
;;;;;Garras;8;5;2;21;17;13;9;;;;;
Gato ;1;L4;2;5;Mordida;6;5;4;3;2;1;0;1;1;1;20;
Gênios Dijins ;4;L6;0;40;Arma Elemental;5;5;5;23;18;13;8;4;7;/;16;
Gênios Ifrites ;6;L5;7;60;Arma Elemental;6;6;6;24;19;14;9;6;10;/;20;
Gigante da Colina Comum ;11;M0;65(71);99;Porrete;12;11;8;30;24;18;12;13;11;11;50;
;;;;;Rochas;9;11;13;26;21;16;11;;;;;
Gigante da Colina Líder ;14;M1;70;126;Clava;16;16;13;35;28;21;14;16;14;18;50;
;;;;;Rochas;13;15;17;29;22;18;12;;;;;
Gigante de Duas Cabeças ;17;M1;101;238;Clava;17;17;14;38;30;22;14;21;17;30;60;
;;;;;Porrete;19;18;15;34;27;20;13;;;;;
;;;;;Rochas;13;15;17;30;24;18;12;;;;;
Gigante do Fogo Comum ;17;M1;88;187;Espada;21;18;15;43;34;25;16;21;17;17;60;
;;;;;Rochas;16;18;20;33;25;20;13;;;;;
Gigante do Fogo Líder ;20;P1;105(111);220;Montante;26;30;31;40;30;20;10;24;20;25;60;
;;;;;Rochas;19;21;23;34;26;21;14;;;;;
Gigante do Gelo Comum ;14;M0;80(86);140;Machado;14;17;11;43;34;25;16;17;14;14;60;
;;;;;Rochas;9;11;13;33;25;20;13;;;;;
Gigante do Gelo Líder ;17;M1;90(96);170;Machado de Guerra (com uma mão);25;28;23;36;27;18;9;20;17;21;60;
;;;;;Rochas;16;18;20;34;26;21;14;;;;;
Gnomo ;3;L5;1;12;Porrete;9;8;5;6;4;2;0;2;5;3;8;20
Goblin Comum ;1;L2;7;0;Arco simples;3;1;-4;12;9;6;3;1;1;1;12;
;;;;;Lança leve;6;2;1;12;9;6;3;;;;;
Goblin Senhor das Garras ;2;M2;8;14;Gládio;6;5;1;13;10;7;4;2;2;2;12;
;;;;;Lança leve;7;3;2;13;10;7;4;;;;;
Goblin Mago Menor ;3;L1;7;21;Punhal;7;2;1;8;6;4;2;3;6;2;12;9
Goblin Líder ;5;M3;8;35;Arco simples;10;8;3;12;9;6;3;5;5;5;12;
;;;;;Gládio;10;9;5;13;10;7;4;;;;;
Goblin Mestre das Garras ;5;M4;9;35;Gládio;11;10;6;13;10;7;4;5;5;6;12;
;;;;;Lança leve;12;8;7;13;10;7;4;;;;;
Goblin Mago Médio ;6;L1;7;42;Punhal;10;5;4;8;6;4;2;6;9;6;12;18
Goblin Sacerdote ;6;M2;7;36;Lança leve;11;7;6;12;9;6;3;5;8;6;12;12
Goblin Rei ;8;M4;10;64;Arco simples;12;10;5;12;9;6;3;9;9;10;12;
;;;;;Gládio;14;13;9;14;11;8;5;;;;;
;;;;;Lança leve;13;9;8;14;11;8;5;;;;;
Goblin Mago Maior ;9;L1;8;63;Punhal;13;8;7;8;6;4;2;9;12;9;12;27
Golem de Areia ;10;M2;74;0;Punhos;11;13;14;29;22;16;10;14;11;/;14;
Golem de Argila ;8;P1;72;0;Punhos;8;10;11;24;19;14;9;12;9;/;12;
Golem de Coral ;12;P1;94;0;Garras;16;13;10;25;20;15;10;16;13;/;12:terra firme/10:fundo mar/24 nadando.;
;;;;;Punhos;12;14;15;30;23;17;11;;;;;
;;;;;Tentáculos;11;15;13;23;17;14;9;;;;;
Golem de Ferro ;16;P1;126;0;Punhos;16;18;19;32;26;20;14;22;17;/;25;
Golem de Gelo ;11;P1;79;0;Punhos;11;13;14;30;23;17;11;15;12;/;14;
Golem de Pedra ;11;P1;85;0;Punhos;11;13;14;29;23;17;11;16;12;/;25;
Gorila Gigante ;9;M3;68;108;Punhos;11;13;14;27;22;17;12;14;9;14;25;
;;;;;Mordida;13;12;11;31;25;19;13;;;;;
Gorila Gigante Ancião ;9;M3;68;108;Punhos;11;13;14;28;23;18;13;14;9;16;25;
;;;;;Mordida;13;12;11;32;26;20;14;;;;;
Gorila Comum ;6;M3;34;48;Punhos;8;10;11;18;15;12;9;9;6;9;20;
;;;;;Mordida;10;9;8;22;18;14;10;;;;;
Gorila das Montanhas ;7;M3;34;56;Punhos;9;11;12;18;15;12;9;10;7;9;20;
;;;;;Mordida;14;13;12;22;18;14;10;;;;;
Goura Comum ;1;L2;14(17);5;Lança leve;6;2;1;12;9;6;3;1;1;1;15;
Goura Fêmea ;1;L1;10;0;Arpão;4;3;-1;12;9;6;3;1;1;1;15;
Goura Filhote ;1;L1;4;0;(não possui);/;/;/;/;/;/;/;1;1;1;;
Goura Sacerdote ;1;M1;12(19);7;Punhal;5;0;-1;8;6;4;2;1;3;1;15;4
Goura Ladrão ;3;L3;12(15);21;Punhal;9;4;3;8;6;4;2;3;3;3;15;
Goura Capitão ;5;M2;17(22);40;Tridente;9;6;6;17;13;9;5;6;5;5;15;
;;;;;Rede;;;;1;1;1;1;;;;;
Goura Rastreador ;6;P2;14(18);42;Punhal;10;5;4;8;6;4;2;6;8;6;15;14
;;;;;Rede;;;;0;0;0;0;;;;;
Goura Sumo Sacerdote ;6;M1;12(22);42;Lança leve;9;5;4;13;10;7;4;6;8;6;15;14
;;;;;Punhal;10;5;4;9;7;5;3;;;;;
Goura Comandante ;7;M3;17(25);56;Punhal;12;7;6;10;8;6;4;8;7;7;15;
;;;;;Tridente;12;9;9;18;14;10;6;;;;;
Goura Campeão ;10;P5;21(30);100;Tridente;17;14;14;19;15;11;7;13;10;10;15;
;;;;;Rede;;;;3;3;3;3;;;;;
Goura Mestre das Armas ;10;P4;20(30);90;Lança leve;17;13;12;15;12;9;6;12;10;10;15;
;;;;;Funda/projétil de Pedra;12;12;10;7;6;5;4;;;;;
Goura O Grande ;11;P3;25(35);132;Punhal;18;13;12;12;10;8;6;16;13;11;15;
;;;;;Tridente;17;14;14;20;16;12;8;;;;;
Grifo ;7;L2;53;70;Bicada;9;7;3;23;18;13;8;10;7;11;18 (terra) 60 (voando);
;;;;;Garras;12;9;6;27;21;15;9;;;;;
Harpia ;5;L1;12;25;Garras;9;6;3;8;6;4;2;5;5;5;5 (andando) 40 (voando);
;;;;;Punhal;8;3;2;8;6;4;2;;;;;
Hidra (5 cabeças) ;8;M3;103;160;Mordida;11;10;9;24;19;14;9;11;8;12;25 (andando) 30 (nadando);
;;;;;Hálito de Névoa;8;8;8;16;12;8;4;;;;;
Hidra (6 cabeças) ;10;M3;107;200;Mordida;13;12;11;25;20;15;10;13;10;15;25 (andando) 30 (nadando);
;;;;;Hálito de Névoa;10;10;10;16;12;8;4;;;;;
Hidra (7 cabeças) ;12;M3;118;252;Mordida;15;14;13;30;24;18;12;16;12;18;25 (andando) 30 (nadando);
;;;;;Hálito de Névoa;12;12;12;16;12;8;4;;;;;
Hidra (8 cabeças) ;14;M3;128;294;Mordida;17;16;15;35;28;21;14;18;14;21;25 (andando) 30 (nadando);
;;;;;Hálito de Névoa;14;14;14;16;12;8;4;;;;;
Hidra (9 cabeças) ;16;P2;145;352;Mordida;18;17;16;36;29;22;15;21;16;20;25 (andando) 30 (nadando);
;;;;;Hálito de Névoa;16;16;16;16;12;8;4;;;;;
Hidra (10 cabeças) ;18;P2;169;414;Mordida;21;20;19;41;33;25;17;24;18;23;25 (andando) 30 (nadando);
;;;;;Hálito de Névoa;19;19;19;16;12;8;4;;;;;
Hipocampus Comum ;3;M1;46(47);27;Mordida;3;2;1;16;13;10;7;5;3;4;28;
;;;;;Cascos;6;3;-1;24;19;14;9;;;;;
;;;;;Cauda;3;4;1;20;16;12;8;;;;;
Hipocampus Sentinela ;6;M1;50(51);54;Cascos;8;5;1;24;19;14;9;8;6;11;30;
;;;;;Mordida;5;4;3;20;16;12;8;;;;;
;;;;;Cauda;5;6;3;20;16;12;8;;;;;
Hipogrifo ;5;L3;44;45;Bicada;8;6;2;26;20;14;8;7;5;5;20 (terra) 80 (voando);
;;;;;Garras;11;8;5;26;20;14;8;;;;;
Homúnculo ;3;P2;7;36;Mordida;6;5;4;8;6;4;2;3;4;3;10 (Andando) 35 (Voando);
;;;;;Garras;5;2;-1;4;3;2;1;;;;;
Ieti Comum ;8;M2;46(50);72;Porrete;10;9;6;29;23;17;11;10;7;12;30;
;;;;;Punhos;6;8;9;21;17;13;9;;;;;
;;;;;Encontrão;10;7;3;17;14;11;8;;;;;
Ieti Líder ;10;M3;49(54);100;Lança pesada;11;14;11;46;36;26;16;13;9;18;30;
;;;;;Punhos;9;11;12;26;21;16;11;;;;;
;;;;;Encontrão;11;8;4;21;15;13;9;;;;;
Jaguatirica ;3;L5;13;39;Mordida;9;8;7;12;9;6;3;4;3;3;25;
;;;;;Patada;9;6;2;12;9;6;3;;;;;
Javali ;4;L2;39;32;Mordida;7;6;5;14;11;8;5;7;4;6;16;
Kraken ;26;L2;132;598;Tentáculos;26;30;28;30;24;18;12;32;26;39;50 (nadando);
Lagarto do Gelo ;10;P1;137;210;Cauda;9;10;7;33;26;19;12;17;20;18;30;100
;;;;;Hálito Congelante;21;21;21;34;28;22;16;;;;;
;;;;;Mordida;12;11;10;29;23;17;11;;;;;
;;;;;Patada;12;9;5;29;23;17;11;;;;;
Lagarto Gigante ;7;M3;155;119;Garras;13;10;7;27;21;15;9;10;7;9;25;
;;;;;Mordida;10;9;8;27;21;15;9;;;;;
Leão ;7;L4;35;56;Mordida;12;11;10;29;23;17;11;8;7;9;30;
;;;;;Patada;12;9;5;13;11;9;7;;;;;
Lepidóptera Gigante Comum ;1;L3;4;5;Picada;5;3;-1;5;4;3;2;1;1;1;20 (voando);
Lepidóptera Gigante Escarlate ;2;L3;5;10;Picada;6;4;0;5;4;3;2;2;2;2;20 (voando);
Lepidóptera Gigante Azul ;3;L3;5;15;Picada;7;5;1;6;5;4;3;3;5;3;20 (voando);
Lepidóptera Gigante Dourada ;3;L3;5;15;Picada;7;5;1;6;5;4;3;3;5;3;20 (voando);
Lepidóptera Gigante Sombria ;3;L3;5;15;Picada;7;5;1;6;5;4;3;3;5;6;20 (voando);
Leviatã ;50;P0;642;1500;Cauda;40;41;38;58;46;34;22;60;60;50;120 (nadando);
;;;;;Mordida;51;50;49;74;58;42;26;;;;;
Licantropo Javali ;8;M0;45;80;Mordida;9;8;7;20;16;12;8;11;9;12;18;
Licantropo Leão e Tigre ;11;M2;45;110;Garras;16;13;10;18;15;12;9;14;12;17;32;
;;;;;Mordida;14;13;12;30;24;18;12;;;;;
Licantropo Menor Águia ;5;L5;8;45;Bicada;9;7;3;9;7;5;3;7;5;8;;
;;;;;Garras;13;10;7;5;4;3;2;;;;;
Licantropo Menor Coruja ;5;L3;4(9);35;Bicada;7;5;1;3;2;1;0;5;5;6;18 (voando);
;;;;;Garras;11;8;5;3;2;1;0;;;;;
Licantropo Menor Corvo ;5;L4;7;40;Bicada;8;6;2;0;0;0;0;6;5;5;18 (voando);
;;;;;Garras;12;9;6;3;2;1;0;;;;;
Licantropo Menor Falcão ;5;L5;5(10);40;Bicada;9;7;3;3;2;1;0;6;5;6;25 (voando);
;;;;;Garras;13;10;7;3;2;1;0;;;;;
Licantropo Menor Gato ;5;L3;5;40;Mordida;9;8;7;0;0;0;0;6;5;5;12;
Licantropo Menor Lince ;5;L4;16(21);35;Garras;12;9;6;11;8;5;2;5;5;8;20;
;;;;;Mordida;10;9;8;11;8;5;2;;;;;
Licantropo Rato ;5;M1;23;50;Garras;7;4;1;14;11;8;5;8;6;4;17 ou 26;
;;;;;Mordida;7;6;5;18;14;10;6;;;;;
Licantropo Urso ;13;M0;69;130;Garras;16;13;10;30;24;18;12;16;14;20;22;
;;;;;Mordida;12;11;10;26;21;16;11;;;;;
Lince ;3;L5;13;39;Patada;11;8;4;12;9;6;3;4;3;1;14;
;;;;;Mordida;9;8;7;12;9;6;3;;;;;
Lobisomem ;7;M2;19;70;Garras;12;9;6;14;11;8;5;10;8;11;26;
;;;;;Mordida;10;9;8;18;14;10;6;;;;;
Lobo Sombrio Jovem ;2;M3;34(46);18;Mordida;4;3;2;13;10;7;4;4;4;4;39;
Lobo Sombrio Adulto ;3;M5;37(49);30;Mordida;6;5;4;14;11;8;5;6;5;6;39;
Lobo Sombrio Beta ;4;M7;41(53);44;Mordida;8;7;6;19;15;11;7;8;6;8;39;
Lobo Sombrio Alfa ;7;M7;41(53);77;Mordida;11;10;9;19;15;11;7;11;9;14;39;
Lobo Jovem ;1;M1;13;8;Mordida;4;3;2;9;7;5;3;2;1;1;25;
Lobo Alduto ;2;M2;15;18;Mordida;7;6;5;9;7;5;3;4;2;2;30;
Lobo Beta ;2;M2;16;18;Mordida;7;6;5;14;11;8;5;4;2;3;30;
Lobo Alfa ;3;M2;16;27;Mordida;8;7;6;14;11;8;5;5;3;4;30;
Mamute ;10;P0;180;90;Patada;13;10;6;38;30;22;14;12;10;3;18;
;;;;;Presa;11;9;5;34;27;20;13;;;;;
;;;;;Tromba;10;11;8;22;18;14;10;;;;;
Mandrágora ;2;L1;12;16;Grito Estridente;6;6;6;17;14;11;8;5;7;/;8;
;;;;;Tentáculos;-1;3;1;8;6;4;2;;;;;
Mantícora ;12;M5;50;192;Espinhos;16;20;15;24;19;14;9;14;14;21;35;
;;;;;Garras;20;17;14;20;16;12;8;;;;;
;;;;;Mordida;18;17;16;24;19;14;9;;;;;
Mastim Infernal ;3;L2;15;24;Hálito Flamejante;5;5;5;13;10;7;4;4;4;5;25;
;;;;;Mordida;6;5;4;13;10;7;4;;;;;
Medusa ;8;M4;20;112;Arco simples;12;10;5;12;9;6;3;8;10;14;18;
;;;;;Cobras;15;11;10;5;4;3;2;;;;;
;;;;;Garras;15;12;9;13;10;7;4;;;;;
Meio-Elfo Comum ;1;L1;15;0;Punhal;5;0;-1;8;6;4;2;1;1;0;17;
Meio-Elfo Ladino ;2;L3;16(24);12;Faca;7;2;1;4;3;2;1;3;2;2;18;
;;;;;Arco simples;6;4;-1;12;9;6;3;;;;;
Meio-Elfo Soldado ;2;L3;18(30);16;Espada;6;3;0;17;13;9;5;3;2;2;18;
;;;;;Lança leve;6;2;1;13;10;7;4;;;;;
Meio-Elfo Mago ;3;L1;15;21;Cajado;6;3;1;8;6;4;2;3;5;3;17;12
Meio-Elfo Bardo Menor ;4;L2;18(28);32;Gládio;7;6;2;13;10;7;4;5;7;4;18;20
;;;;;Punhal;8;3;2;9;7;5;3;;;;;
Meio-Elfo Sacerdote ;5;M2;19(33);40;Maça de Armas;4;7;7;18;14;10;6;6;8;5;18;24
Meio-Elfo Tenente ;5;M3;19(34);40;Arco de Guerra;6;7;8;20;15;10;5;6;5;6;18;
;;;;;Espada;10;7;4;18;14;10;6;;;;;
Meio-Elfo Rastreador ;6;M2;19(29);54;Arco composto;13;8;6;16;12;8;4;8;9;6;19;28
;;;;;Sabre Élfico;10;7;4;17;13;9;5;;;;;
Meio-Elfo Capitão ;8;P2;21(38);72;Arco de Guerra;8;9;10;20;15;10;5;10;8;10;19;
;;;;;Espada;12;9;6;19;15;11;7;;;;;
Meio-Elfo Mestre de Armas ;10;P3;22(42);130;Arco Longo Élfico;9;13;14;24;18;12;6;13;10;13;20;
;;;;;Axa de Armas;11;16;15;24;18;12;6;;;;;
;;;;;Espada de mão e meia (com uma mão);16;13;11;20;15;10;5;;;;;
Meio-Elfo Sumo Sacerdote ;12;P2;20(40);108;Machado Crescente;14;17;11;18;14;10;6;14;15;12;19;52
;;;;;Punhal;17;12;11;10;8;6;4;;;;;
Meio-Elfo Bardo Maior ;14;L2;19(29);112;Gládio;17;16;12;14;11;8;5;15;17;14;18;60
;;;;;Punhal;18;13;12;10;8;6;4;;;;;
Minotauro ;10;M1;25;200;Chifres;10;8;4;15;12;9;6;13;11;15;23;
;;;;;Machado de Guerra (com uma mão);13;16;11;24;18;12;6;;;;;
;;;;;Mordida;10;9;8;15;12;9;6;;;;;
Monstro de Argila ;15;M3;80;255;Ataque Desarmado;16;18;19;25;20;15;10;20;16;15;20 Andando 30 Voando;
;;;;;Patas Farpadas;20;17;13;29;23;17;11;;;;;
Monstro dos Mangues ;23;P2;94;345;Cauda;27;28;25;46;37;28;19;28;20;29;25 (terra) 40 (nadando);
;;;;;Mordida;38;37;36;54;43;32;21;;;;;
Mula ;2;L0;25;0;Coice;4;1;-3;14;11;8;5;3;2;2;20;
;;;;;Mordida;2;1;0;6;5;4;3;;;;;
Múmia Menor (Guardiã) ;8;M1;34;144;Punhos;8;10;11;21;17;13;9;12;12;8;12;
Múmia Média (Verdadeira) ;12;M2;34;216;Punhos;13;15;16;21;17;13;9;16;16;12;12;
Múmia Maior (Astral) ;20;M3;34;360;Espada;26;23;20;25;20;15;10;24;24;20;12;
Náiades ;12;M3;18(23);192;Garras;18;15;12;15;12;9;6;14;16;15;20 (andando) e 35 (nadando);45
;;;;;Jato;16;16;16;19;15;11;7;;;;;
Napól Comum ;1;L1;14(17);5;Lança leve;5;1;0;12;9;6;3;1;1;1;25 (voando) 15 (em terra firme);
Napól Fêmea ;1;L1;10;0;Punhal;5;0;-1;8;6;4;2;1;1;1;25 (voando) 15 (em terra firme);
Napól Filhote ;1;L1;6;0;(não possui);/;/;/;/;/;/;/;1;1;1;;
Napól Sacerdote ;1;M1;12(19);7;Lança leve;5;1;0;12;9;6;3;1;2;1;25 (voando) 15 (em terra firme);
Napól Ladrão ;3;L3;12(15);21;Gládio;8;7;3;12;9;6;3;3;3;3;25 (voando) 15 (em terra firme);
Napól Capitão ;5;M2;17(22);40;Espada;10;7;4;17;13;9;5;6;5;5;25 (voando) 15 (em terra firme);
;;;;;Machado;6;9;3;13;10;7;4;;;;;
Napól Bardo ;6;M2;18(23);54;Arco simples;13;11;6;12;9;6;3;8;8;6;25 (voando) 15 (em terra firme);14
Napól Ratreador ;6;P1;14(18);42;Arco simples;13;11;6;12;9;6;3;6;7;6;25 (voando) 15 (em terra firme);7
;;;;;Lança leve;9;5;4;12;9;6;3;;;;;
Napól Sumo Sacerdote ;6;M1;12(22);42;Cajado;9;6;4;9;7;5;3;6;8;6;25 (voando) 15 (em terra firme);14
;;;;;Lança pesada;5;8;5;17;13;9;5;;;;;
Napól Comandante ;7;M3;17(25);56;Montante;7;11;12;24;18;12;6;8;7;7;25 (voando) 15 (em terra firme);
;;;;;Punhal;12;7;6;10;8;6;4;;;;;
Napól Campeão ;10;P4;21(30);100;Espada de mão e meia (com duas mãos);12;14;16;20;15;10;5;13;10;10;25 (voando) 15 (em terra firme);
;;;;;Machado;13;16;10;15;12;9;6;;;;;
Napól Mestre das Armas ;10;P3;20(30);90;Espada;16;13;10;19;15;11;7;12;10;10;;
;;;;;Mangual (com uma mão);11;13;13;20;15;10;5;;;;;
Napól Rainha ;11;P2;20(33);99;Espada de mão e meia (com duas mãos);13;15;17;20;15;10;5;13;14;11;25 (voando) 15 (em terra firme);
;;;;;Lança pesada;11;14;11;19;15;11;7;;;;;
Necroarcano ;20;M4;43;380;Toque Gélido;24;24;24;43;33;23;13;25;23;25;15;
Necrodragão ;22;P3;213;396;Garras;28;25;22;44;34;28;20;26;27;39;25 andando/60 voando;110
;;;;;Mordida;26;25;24;49;40;31;22;;;;;
;;;;;Cauda;25;26;23;41;34;27;20;;;;;
;;;;;Hálito de Ar Espiral;28;28;28;42;32;23;14;;;;;
Nilrom Menor ;10;M1;62;190;Punhos;11;13;14;31;24;17;10;12;11;13;15;
;;;;;Toque;15;15;15;21;16;11;6;;;;;
Nilrom Médio ;12;M2;66;240;Punhos;14;16;17;36;28;20;12;15;13;15;15;
;;;;;Toque;17;17;17;21;16;11;6;;;;;
Nilrom Maior ;15;M2;70;300;Punhos;16;18;19;37;29;21;13;18;16;23;20;
;;;;;Toque;19;19;19;25;19;13;7;;;;;
Ninfa ;9;L3;17;135;Punhal;15;10;9;9;7;5;3;10;13;9;20;32
Ogros (revisão) Filhote ;1;L0;14;0;Mordida;2;1;0;14;11;8;5;1;1;1;23;
Ogros (revisão) Fêmea ;3;L0;22;0;Porrete;4;3;0;15;12;9;6;3;3;3;23;
Ogros (revisão) Comum ;5;M0;25;40;Clava;6;6;3;20;16;12;8;6;5;8;23;
Ogros (revisão) Líder ;8;M1;29;64;Lança pesada;8;11;8;25;20;15;10;9;8;12;23;
;;;;;Machado de Guerra (com uma mão);13;16;11;20;15;10;5;;;;;
Onça Pintada ;5;L5;31;75;Mordida;11;10;9;22;17;12;7;6;5;5;32;
;;;;;Patada;10;7;3;18;14;10;6;;;;;
Orco Comum ;1;L1;18;0;Lança leve;5;1;0;14;11;8;5;3;1;1;23;
Orco Fêmea ;1;L0;10;0;Punhal;4;-1;-2;8;6;4;2;1;1;1;23;
Orco Filhote ;1;L0;6;0;Mordida;2;1;0;6;4;2;0;1;1;1;23;
Orco Sacerdote ;1;M0;16;7;Lança pesada;0;3;0;16;12;8;4;1;2;1;23;2
Orco Arqueiro ;2;L2;17;14;Arco simples;5;3;-2;12;9;6;3;2;2;2;23;
;;;;;Gládio;5;4;0;14;11;8;5;;;;;
Orco Ladrão ;3;L2;16;21;Gládio;7;6;2;12;9;6;3;3;3;2;23;
Orco Capitão ;5;M1;18;45;Espada;9;6;3;17;13;9;5;7;5;6;23;
;;;;;Machado;6;9;3;13;10;7;4;;;;;
Orco Sumo Sacerdote ;6;M0;17;42;Cajado;8;5;3;9;7;5;3;6;8;8;23;14
;;;;;Lança pesada;5;8;5;17;13;9;5;;;;;
Orco Comandante ;7;M2;18;56;Montante;7;11;12;24;18;12;6;8;7;9;23;
;;;;;Punhal;12;7;6;10;8;6;4;;;;;
Orco Campeão ;10;P3;21;100;Machado;13;16;10;15;12;9;6;13;10;13;23;
;;;;;Mangual (com uma mão);12;14;14;20;15;10;5;;;;;
Orco Mestre de Armas ;10;P2;20;90;Espada;15;12;9;19;15;11;7;12;10;13;23;
;;;;;Mangual (com uma mão);12;14;14;20;15;10;5;;;;;
Orco Rei ;11;P2;21;110;Lança pesada;12;15;12;19;15;11;7;14;11;17;23;
;;;;;Montante;12;16;17;24;18;12;6;;;;;
Paraelemental da Lama ;16;M3;44;144;Jato de Lama;20;20;20;19;15;11;7;18;18;20;24;
;;;;;Punhos;18;20;21;23;18;13;8;;;;;
Paraelemental da Névoa ;16;L6;10;112;Jato;19;19;19;9;7;5;3;16;18;20;60 (voando);
;;;;;Cristais de Gelo;20;18;16;18;14;10;6;;;;;
Paraelemental do Magma ;16;P2;85;176;Toque Flamejante;19;19;19;22;17;12;7;20;18;20;16;
;;;;;Punhos;16;18;19;35;26;20;12;;;;;
Paraelemental do Raio ;16;L4;0;112;Toque Elétrico;19;19;19;26;20;14;8;16;18;20;80 (voando);
;;;;;Raio;19;19;19;22;17;12;7;;;;;
Pazuzu Comum ;8;M4;40;72;Lança leve;15;11;10;25;20;15;10;10;12;8;30 (em terra) e 60 (voando).;36
;;;;;Picada;13;11;7;25;20;15;10;;;;;
;;;;;Garras;15;12;9;25;20;15;10;;;;;
Pazuzu Líder ;10;M3;39;90;Picada;14;12;8;24;19;14;9;12;16;18;30 (em terra) e 60 (voando).;66
;;;;;Maça de Armas;11;14;14;28;22;16;10;;;;;
;;;;;Garras;16;13;10;24;19;14;9;;;;;
Pégasus ;8;L5;51;48;Cascos;15;12;8;23;18;13;8;9;9;14;30 (cavalgando) 80 (voando);
;;;;;Mordida;12;11;10;19;15;11;7;;;;;
Peste de Plandis ;1;L3;4;5;Garras;7;4;1;3;2;1;0;1;5;/;15;
;;;;;Mordida;5;4;3;3;2;1;0;;;;;
Pirohidra (2 cabeças) ;10;M4;137;220;Hálito Flamejante;12;12;12;29;22;15;8;15;11;15;25 (andando) 30 (nadando);
;;;;;Mordida;15;14;13;29;23;17;11;;;;;
Pirohidra (3 cabeças) ;13;M5;167;286;Hálito Flamejante;15;15;15;25;19;13;7;18;14;20;25 (andando) 30 (nadando);
;;;;;Mordida;19;18;17;34;27;20;13;;;;;
Planindea ;17;L0;16;119;Toque;28;28;28;34;28;22;16;17;27;/;20;198
Plantas Carnívoras ;10;M2;27;40;Esporos;15;18;13;12;9;6;3;9;10;8;0;
;;;;;Mordida;18;17;16;16;12;8;4;;;;;
;;;;;Tentáculos;17;21;19;12;9;6;3;;;;;
Plantor Conselheiro ;7;M3;22;56;Garras;13;10;7;17;14;11;8;8;9;11;20;
Plantor Líder ;12;P2;32;132;Garras;17;14;11;17;14;11;8;16;14;18;22 andando, 60 voando.;24
;;;;;Punhos;13;15;16;21;17;13;9;;;;;
Plantor Mensageiro ;1;L2;15;8;Mordida;4;3;2;13;10;7;4;2;2;1;12 andando e 30 voando;2
Plantor Soldado ;3;M3;25;27;Punhos;3;5;6;21;17;13;9;5;6;6;18;6
Pombo Selvagem ;1;L4;1;4;(não possui);/;/;/;/;/;/;/;0;1;0;50 (voando);
Pombo Correio ;2;L6;1;0;(não possui);/;/;/;/;/;/;/;1;2;2;60 (voando);
Quimera ;18;M2;103;360;Cauda;20;21;18;19;15;11;7;21;23;18;50 (voando) 25 (em terra) ;
;;;;;Chifres;21;19;15;23;18;13;8;;;;;
;;;;;Hálito Flamejante;24;24;24;29;23;17;11;;;;;
;;;;;Jato de Ácido;21;21;21;19;15;11;7;;;;;
;;;;;Mordida;21;20;19;27;21;15;9;;;;;
Reanimado Menor ;1;M1;20;9;Lança leve;5;1;0;17;13;9;5;3;1;2;15;
Reanimado Maior ;5;P0;24;45;Espada;8;5;2;22;17;12;7;7;5;8;20;
;;;;;Machado de Guerra (com uma mão);7;10;5;20;15;10;5;;;;;
;;;;;Montante;5;9;10;24;18;12;6;;;;;
Rinoceronte ;7;P3;140(148);91;Patada;11;8;4;26;21;16;11;13;7;12;31;
;;;;;Mordida;9;8;7;22;18;14;10;;;;;
;;;;;Chifre;9;7;3;34;27;20;13;;;;;
Salamandra ;9;M2;101;72;Cauda;9;10;7;16;12;9;6;10;9;14;25;
;;;;;Hálito Flamejante;10;10;10;23;15;11;5;;;;;
;;;;;Mordida;12;11;10;32;24;17;10;;;;;
Sátiro ;8;L3;16;112;Punhal;14;9;8;9;7;5;3;10;11;8;16;20
Sekbete Filhote ;1;L0;10;0;Mordida;7;6;5;6;4;2;0;1;1;1;;
Sekbete Fêmea ;4;L0;14(20);36;Cauda;8;9;6;19;15;11;7;6;4;4;15 (na terra) 20 (nadando);
;;;;;Espada;7;4;1;19;15;11;7;;;;;
;;;;;Garras;9;6;3;15;12;9;6;;;;;
;;;;;Mordida;11;10;9;23;18;13;8;;;;;
Sekbete Caçador ;6;L2;23(26);60;Cauda;10;11;8;20;16;12;8;9;6;6;15 (na terra) 20 (nadando);
;;;;;Espada;9;6;3;20;16;12;8;;;;;
;;;;;Garras;11;8;5;16;13;10;7;;;;;
;;;;;Mordida;13;12;11;24;19;14;9;;;;;
Sekbete Rastreador ;9;P2;18(22);90;Cauda;10;11;8;20;16;12;8;12;11;9;15 (na terra) 20 (nadando);20
;;;;;Garras;11;8;5;16;13;10;7;;;;;
;;;;;Lança pesada;6;9;6;20;16;12;8;;;;;
;;;;;Mordida;13;12;11;24;19;14;9;;;;;
Sekbete Guerreiro ;10;P3;20(32);110;Cauda;11;12;9;21;17;13;9;14;10;10;15 (na terra) 20 (nadando);
;;;;;Garras;12;9;6;17;14;11;8;;;;;
;;;;;Montante;13;17;18;24;18;12;6;;;;;
;;;;;Mordida;14;13;12;25;20;15;10;;;;;
Sekbete Sacerdote ;10;M0;14(21);90;Cauda;8;9;6;19;15;11;7;12;12;10;15 (na terra) 20 (nadando);22
;;;;;Garras;9;6;3;15;12;9;6;;;;;
;;;;;Lança pesada;4;7;4;19;15;11;7;;;;;
;;;;;Mordida;11;10;9;23;18;13;8;;;;;
Sekbete Mestre das Armas ;13;P4;23(33);156;Cauda;12;13;10;21;17;13;9;18;13;13;15 (na terra) 20 (nadando);
;;;;;Garras;13;10;7;17;14;11;8;;;;;
;;;;;Machado de Guerra (com uma mão);15;18;13;20;15;10;5;;;;;
;;;;;Mordida;15;14;13;25;20;15;10;;;;;
Sekbete Líder Tribal ;15;P5;29(50);165;Axa de Armas;13;18;17;24;18;12;6;19;15;15;15 (na terra) 20 (nadando);
;;;;;Cauda;13;14;11;21;17;13;9;;;;;
;;;;;Garras;14;11;8;17;14;11;8;;;;;
;;;;;Mordida;16;15;14;25;20;15;10;;;;;
Sereias ;9;L3;17;54;Garras;15;12;9;17;13;9;5;10;13;9;;
;;;;;Mordida;13;12;11;17;13;9;5;;;;;
Serpente Marinha ;12;P2;141;168;Mordida;15;14;13;28;22;16;10;12;12;12;40 (nadando);
Sidhe ;25;M6;22;575;Arco composto;29;24;22;24;18;12;6;31;30;31;20 a 25;125
;;;;;Espada;34;31;28;24;19;14;9;;;;;
;;;;;Lança leve;34;30;29;20;16;12;8;;;;;
Simbionte Infernal Tipo I - Devorador de Almas ;4;L0;5;52;(ver texto);/;/;/;/;/;/;/;5;7;8;;
Simbionte Infernal Tipo II - Corruptor de Almas ;8;L0;7;112;(ver texto);/;/;/;/;/;/;/;10;11;16;;
Simbionte Infernal Tipo III - Moldador de Almas ;14;L0;7;196;(ver texto);/;/;/;/;/;/;/;16;18;28;;
Sombra Maior ;7;L4;22;49;Toque;10;10;10;26;20;14;8;7;9;11;20 (andando) 70 (voando);14
Sombra Menor ;3;L4;15;21;Toque;6;6;6;18;14;10;6;3;5;2;16;
Tartaruga Dragão ;8;P-3;181(197);144;Mordida;9;8;7;29;23;17;11;16;9;10;6 (25 nadando);
;;;;;Cauda;7;8;5;25;20;15;10;;;;;
;;;;;Cabeçada;9;6;2;21;17;13;9;;;;;
;;;;;Hálito Ácido;8;8;8;29;22;15;8;;;;;
Tigre ;7;L4;35;105;Patada;12;9;5;13;11;9;7;8;7;9;30;
;;;;;Mordida;10;9;8;29;23;17;11;;;;;
Touro ;2;L0;55;20;Chifres;3;1;-3;24;19;14;9;5;2;3;20;
Transmorfo ;7;L3;1;0;Gládio;12;11;7;12;9;6;3;8;8;9;12;
Tritão Comum ;7;M3;18;56;Garras;13;10;7;14;11;8;5;8;7;11;38 (nadando);
;;;;;Tridente;12;9;9;18;14;10;6;;;;;
Tritão Líder ;12;M3;23;108;Garras;18;15;12;15;12;9;6;14;12;15;38 (nadando);
;;;;;Tridente;17;14;14;19;15;11;7;;;;;
Trol das Sombras ;12;M2;47;252;Porrete;15;14;11;32;26;20;14;19;9;18;24;
;;;;;Punhos;13;15;16;28;23;18;13;;;;;
Trol Filhote ;1;L0;20;0;Mordida;2;1;0;12;9;6;3;1;0;1;30;
Trol Fêmea ;5;L0;34;0;Porrete;6;5;2;20;16;12;8;5;5;5;30;
Trol Comum ;9;M0;35;72;Porrete;10;9;6;21;17;13;9;10;8;11;30;
Trol Líder ;11;M0;41;88;Clava;12;12;9;26;21;16;11;12;10;14;30;
;;;;;Machado de Guerra (com uma mão);17;20;15;24;18;12;6;;;;;
Tubarão Cação ;5;L6;37;50;Mordida;12;11;10;25;20;15;10;8;5;8;37 (nadando);
Tubarão Comum ;7;M5;64;77;Mordida;13;12;11;32;24;19;12;11;7;11;40 (nadando);
Tubarão Grande ;14;P6;251;336;Mordida;21;20;19;56;44;32;20;21;14;25;50 (nadando);
Tubarão Branco Gigante ;22;P7;455;550;Mordida;29;28;27;74;58;42;26;30;22;/;70 (nadando);
Unicórnio ;9;L3;54;126;Cascos;12;9;5;27;21;15;9;11;13;14;35;
;;;;;Chifre;13;11;7;23;18;13;8;;;;;
Urso ;9;L0;51;135;Mordida;10;9;8;21;17;13;9;10;9;9;20;
;;;;;Patada;12;9;5;29;23;17;11;;;;;
Vaca ;1;L0;44;0;Chifres;2;0;-4;18;14;10;6;3;1;1;20;
Vampiro (forma de humano) ;12;L4;32;216;Garras;19;16;13;17;14;11;8;16;16;18;20 (3 na forma de névoa);
Vampiro (forma de lobo) ;12;L4;33;228;Mordida;17;16;15;26;21;16;11;17;14;18;25;
Vampiro (forma de morcego) ;12;L5;29;156;(não possui);/;/;/;/;/;/;/;13;16;18;35;
Verme Carniceiro ;3;M2;42;48;Mordida;4;3;2;26;20;14;8;5;3;4;10;
;;;;;Cabeçada;5;2;-2;22;17;12;7;;;;;
Verme do Deserto ;16;P2;95;144;Agarrar;18;15;11;29;23;17;11;18;16;16;15;
;;;;;Mordida;19;18;17;33;26;19;12;;;;;
;;;;;Esmagar;18;15;11;29;23;17;11;;;;;
;;;;;Hálito Ácido;16;16;16;20;15;10;5;;;;;
Verme do Gelo ;12;P3;84;108;Agarrar;15;12;8;28;22;16;10;14;12;12;20;
;;;;;Hálito Ácido;12;12;12;20;15;10;5;;;;;
;;;;;Mordida;16;15;14;32;25;18;11;;;;;
Vingador Negro ;15;P4;71;375;Espada;22;19;16;29;24;19;14;20;18;/;25;
;;;;;Toque Gélido;19;19;19;27;21;15;9;;;;;
Zumbi Consciente ;4;L1;18;32;Mordida;6;5;4;15;12;9;6;5;5;6;15;
Zumbi ;2;L0;15;0;Garras;5;2;-1;12;9;6;3;2;2;/;6;
